Temp, logg, [Fe/H], Alpha, Band, Resolution, vsini, Sampling, Quality, Cond. 1, Cond. 2, Cond. 3, correct flag
 4000, 5.0,  0.0, 0.0, Z,  75k,  1.0, 3.0,   4252,   7.8,  13.1,   8.1, 0
 4000, 5.0,  0.0, 0.0, Z,  75k,  5.0, 3.0,   2570,  12.8,  21.8,  13.3, 0
 4000, 5.0,  0.0, 0.0, Z,  75k, 10.0, 3.0,   1439,  22.9,  37.9,  23.6, 0
 4000, 5.0,  0.0, 0.0, Y,  75k,  1.0, 3.0,   5004,   7.2,   8.5,   7.3, 0
 4000, 5.0,  0.0, 0.0, Y,  75k,  5.0, 3.0,   2569,  14.0,  16.6,  14.2, 0
 4000, 5.0,  0.0, 0.0, Y,  75k, 10.0, 3.0,   1201,  30.0,  35.8,  30.3, 0
 4000, 5.0,  0.0, 0.0, J,  75k,  1.0, 3.0,   2422,  12.7,  35.6,  13.3, 0
 4000, 5.0,  0.0, 0.0, J,  75k,  5.0, 3.0,   1492,  20.6,  63.9,  21.6, 0
 4000, 5.0,  0.0, 0.0, J,  75k, 10.0, 3.0,    852,  35.9, 124.4,  37.8, 0
 4000, 5.0,  0.0, 0.0, H,  75k,  1.0, 3.0,   4194,   6.9,  11.5,   7.0, 0
 4000, 5.0,  0.0, 0.0, H,  75k,  5.0, 3.0,   2759,  10.4,  17.6,  10.7, 0
 4000, 5.0,  0.0, 0.0, H,  75k, 10.0, 3.0,   1546,  18.6,  31.2,  19.1, 0
 4000, 5.0,  0.0, 0.0, K,  75k,  1.0, 3.0,   3406,   9.0,  41.6,   9.7, 0
 4000, 5.0,  0.0, 0.0, K,  75k,  5.0, 3.0,   2010,  15.3,  67.8,  16.4, 0
 4000, 5.0,  0.0, 0.0, K,  75k, 10.0, 3.0,   1038,  29.6, 120.4,  31.7, 0
 4000, 5.0,  0.0, 0.0, Z, 100k,  1.0, 3.0,   5279,   5.4,   9.1,   5.6, 0
 4000, 5.0,  0.0, 0.0, Z, 100k,  5.0, 3.0,   2758,  10.4,  17.6,  10.7, 0
 4000, 5.0,  0.0, 0.0, Z, 100k, 10.0, 3.0,   1476,  19.3,  32.2,  19.9, 0
 4000, 5.0,  0.0, 0.0, Y, 100k,  1.0, 3.0,   6673,   4.7,   5.5,   4.7, 0
 4000, 5.0,  0.0, 0.0, Y, 100k,  5.0, 3.0,   2816,  11.1,  13.1,  11.2, 0
 4000, 5.0,  0.0, 0.0, Y, 100k, 10.0, 3.0,   1249,  24.9,  29.7,  25.3, 0
 4000, 5.0,  0.0, 0.0, J, 100k,  1.0, 3.0,   3004,   8.9,  23.9,   9.3, 0
 4000, 5.0,  0.0, 0.0, J, 100k,  5.0, 3.0,   1598,  16.7,  51.1,  17.5, 0
 4000, 5.0,  0.0, 0.0, J, 100k, 10.0, 3.0,    874,  30.3, 104.2,  31.9, 0
 4000, 5.0,  0.0, 0.0, H, 100k,  1.0, 3.0,   4879,   5.1,   8.6,   5.2, 0
 4000, 5.0,  0.0, 0.0, H, 100k,  5.0, 3.0,   2947,   8.4,  14.2,   8.7, 0
 4000, 5.0,  0.0, 0.0, H, 100k, 10.0, 3.0,   1586,  15.7,  26.3,  16.1, 0
 4000, 5.0,  0.0, 0.0, K, 100k,  1.0, 3.0,   4134,   6.4,  29.8,   6.9, 0
 4000, 5.0,  0.0, 0.0, K, 100k,  5.0, 3.0,   2174,  12.2,  54.4,  13.1, 0
 4000, 5.0,  0.0, 0.0, K, 100k, 10.0, 3.0,   1068,  25.0, 101.2,  26.7, 0
 3900, 5.0,  0.0, 0.0, Z,  75k,  1.0, 3.0,   4301,   7.7,  13.0,   8.0, 0
 3900, 5.0,  0.0, 0.0, Z,  75k,  5.0, 3.0,   2564,  12.9,  21.9,  13.4, 0
 3900, 5.0,  0.0, 0.0, Z,  75k, 10.0, 3.0,   1424,  23.2,  38.3,  23.9, 0
 3900, 5.0,  0.0, 0.0, Y,  75k,  1.0, 3.0,   5248,   6.9,   8.1,   6.9, 0
 3900, 5.0,  0.0, 0.0, Y,  75k,  5.0, 3.0,   2669,  13.5,  16.0,  13.7, 0
 3900, 5.0,  0.0, 0.0, Y,  75k, 10.0, 3.0,   1238,  29.1,  34.6,  29.5, 0
 3900, 5.0,  0.0, 0.0, J,  75k,  1.0, 3.0,   2452,  12.6,  34.1,  13.2, 0
 3900, 5.0,  0.0, 0.0, J,  75k,  5.0, 3.0,   1488,  20.7,  61.9,  21.7, 0
 3900, 5.0,  0.0, 0.0, J,  75k, 10.0, 3.0,    840,  36.4, 121.2,  38.2, 0
 3900, 5.0,  0.0, 0.0, H,  75k,  1.0, 3.0,   4188,   6.8,  11.5,   7.0, 0
 3900, 5.0,  0.0, 0.0, H,  75k,  5.0, 3.0,   2789,  10.3,  17.3,  10.6, 0
 3900, 5.0,  0.0, 0.0, H,  75k, 10.0, 3.0,   1571,  18.2,  30.5,  18.7, 0
 3900, 5.0,  0.0, 0.0, K,  75k,  1.0, 3.0,   3390,   9.1,  40.0,   9.7, 0
 3900, 5.0,  0.0, 0.0, K,  75k,  5.0, 3.0,   2001,  15.4,  65.5,  16.4, 0
 3900, 5.0,  0.0, 0.0, K,  75k, 10.0, 3.0,   1031,  29.8, 118.3,  31.9, 0
 3900, 5.0,  0.0, 0.0, Z, 100k,  1.0, 3.0,   5392,   5.3,   9.0,   5.5, 0
 3900, 5.0,  0.0, 0.0, Z, 100k,  5.0, 3.0,   2755,  10.4,  17.6,  10.8, 0
 3900, 5.0,  0.0, 0.0, Z, 100k, 10.0, 3.0,   1462,  19.5,  32.5,  20.2, 0
 3900, 5.0,  0.0, 0.0, Y, 100k,  1.0, 3.0,   7028,   4.4,   5.3,   4.5, 0
 3900, 5.0,  0.0, 0.0, Y, 100k,  5.0, 3.0,   2928,  10.6,  12.6,  10.8, 0
 3900, 5.0,  0.0, 0.0, Y, 100k, 10.0, 3.0,   1289,  24.2,  28.8,  24.5, 0
 3900, 5.0,  0.0, 0.0, J, 100k,  1.0, 3.0,   3069,   8.7,  22.7,   9.1, 0
 3900, 5.0,  0.0, 0.0, J, 100k,  5.0, 3.0,   1597,  16.7,  49.3,  17.5, 0
 3900, 5.0,  0.0, 0.0, J, 100k, 10.0, 3.0,    862,  30.7, 101.4,  32.2, 0
 3900, 5.0,  0.0, 0.0, H, 100k,  1.0, 3.0,   4850,   5.1,   8.6,   5.3, 0
 3900, 5.0,  0.0, 0.0, H, 100k,  5.0, 3.0,   2975,   8.3,  14.0,   8.6, 0
 3900, 5.0,  0.0, 0.0, H, 100k, 10.0, 3.0,   1611,  15.4,  25.7,  15.8, 0
 3900, 5.0,  0.0, 0.0, K, 100k,  1.0, 3.0,   4118,   6.5,  28.5,   6.9, 0
 3900, 5.0,  0.0, 0.0, K, 100k,  5.0, 3.0,   2164,  12.3,  52.5,  13.1, 0
 3900, 5.0,  0.0, 0.0, K, 100k, 10.0, 3.0,   1061,  25.1,  99.3,  26.8, 0
 3800, 5.0,  0.0, 0.0, Z,  75k,  1.0, 3.0,   4413,   7.5,  12.7,   7.8, 0
 3800, 5.0,  0.0, 0.0, Z,  75k,  5.0, 3.0,   2579,  12.9,  21.8,  13.3, 0
 3800, 5.0,  0.0, 0.0, Z,  75k, 10.0, 3.0,   1414,  23.4,  38.6,  24.1, 0
 3800, 5.0,  0.0, 0.0, Y,  75k,  1.0, 3.0,   5503,   6.6,   7.8,   6.6, 0
 3800, 5.0,  0.0, 0.0, Y,  75k,  5.0, 3.0,   2777,  13.0,  15.4,  13.1, 0
 3800, 5.0,  0.0, 0.0, Y,  75k, 10.0, 3.0,   1280,  28.1,  33.5,  28.5, 0
 3800, 5.0,  0.0, 0.0, J,  75k,  1.0, 3.0,   2502,  12.3,  32.3,  12.9, 0
 3800, 5.0,  0.0, 0.0, J,  75k,  5.0, 3.0,   1494,  20.6,  59.3,  21.6, 0
 3800, 5.0,  0.0, 0.0, J,  75k, 10.0, 3.0,    833,  36.7, 116.7,  38.5, 0
 3800, 5.0,  0.0, 0.0, H,  75k,  1.0, 3.0,   4136,   6.9,  11.6,   7.1, 0
 3800, 5.0,  0.0, 0.0, H,  75k,  5.0, 3.0,   2786,  10.3,  17.2,  10.5, 0
 3800, 5.0,  0.0, 0.0, H,  75k, 10.0, 3.0,   1587,  18.0,  30.0,  18.5, 0
 3800, 5.0,  0.0, 0.0, K,  75k,  1.0, 3.0,   3413,   9.0,  37.1,   9.6, 0
 3800, 5.0,  0.0, 0.0, K,  75k,  5.0, 3.0,   2013,  15.2,  61.4,  16.3, 0
 3800, 5.0,  0.0, 0.0, K,  75k, 10.0, 3.0,   1036,  29.7, 112.7,  31.7, 0
 3800, 5.0,  0.0, 0.0, Z, 100k,  1.0, 3.0,   5605,   5.1,   8.6,   5.3, 0
 3800, 5.0,  0.0, 0.0, Z, 100k,  5.0, 3.0,   2777,  10.3,  17.5,  10.7, 0
 3800, 5.0,  0.0, 0.0, Z, 100k, 10.0, 3.0,   1454,  19.7,  32.7,  20.4, 0
 3800, 5.0,  0.0, 0.0, Y, 100k,  1.0, 3.0,   7395,   4.2,   5.0,   4.3, 0
 3800, 5.0,  0.0, 0.0, Y, 100k,  5.0, 3.0,   3050,  10.2,  12.1,  10.4, 0
 3800, 5.0,  0.0, 0.0, Y, 100k, 10.0, 3.0,   1334,  23.4,  27.8,  23.7, 0
 3800, 5.0,  0.0, 0.0, J, 100k,  1.0, 3.0,   3163,   8.4,  21.3,   8.8, 0
 3800, 5.0,  0.0, 0.0, J, 100k,  5.0, 3.0,   1606,  16.6,  47.3,  17.4, 0
 3800, 5.0,  0.0, 0.0, J, 100k, 10.0, 3.0,    856,  30.9,  97.6,  32.4, 0
 3800, 5.0,  0.0, 0.0, H, 100k,  1.0, 3.0,   4774,   5.2,   8.7,   5.3, 0
 3800, 5.0,  0.0, 0.0, H, 100k,  5.0, 3.0,   2967,   8.3,  14.0,   8.6, 0
 3800, 5.0,  0.0, 0.0, H, 100k, 10.0, 3.0,   1627,  15.2,  25.3,  15.6, 0
 3800, 5.0,  0.0, 0.0, K, 100k,  1.0, 3.0,   4154,   6.4,  26.2,   6.8, 0
 3800, 5.0,  0.0, 0.0, K, 100k,  5.0, 3.0,   2177,  12.2,  49.1,  13.0, 0
 3800, 5.0,  0.0, 0.0, K, 100k, 10.0, 3.0,   1066,  25.0,  94.5,  26.7, 0
 3700, 5.0,  0.0, 0.0, Z,  75k,  1.0, 3.0,   4697,   7.1,  12.0,   7.4, 0
 3700, 5.0,  0.0, 0.0, Z,  75k,  5.0, 3.0,   2670,  12.5,  21.1,  12.9, 0
 3700, 5.0,  0.0, 0.0, Z,  75k, 10.0, 3.0,   1435,  23.1,  38.1,  23.9, 0
 3700, 5.0,  0.0, 0.0, Y,  75k,  1.0, 3.0,   5860,   6.2,   7.3,   6.2, 0
 3700, 5.0,  0.0, 0.0, Y,  75k,  5.0, 3.0,   2936,  12.3,  14.6,  12.4, 0
 3700, 5.0,  0.0, 0.0, Y,  75k, 10.0, 3.0,   1346,  26.8,  31.9,  27.1, 0
 3700, 5.0,  0.0, 0.0, J,  75k,  1.0, 3.0,   2602,  11.8,  30.1,  12.4, 0
 3700, 5.0,  0.0, 0.0, J,  75k,  5.0, 3.0,   1527,  20.2,  55.9,  21.1, 0
 3700, 5.0,  0.0, 0.0, J,  75k, 10.0, 3.0,    841,  36.4, 110.4,  38.2, 0
 3700, 5.0,  0.0, 0.0, H,  75k,  1.0, 3.0,   4106,   6.9,  11.7,   7.1, 0
 3700, 5.0,  0.0, 0.0, H,  75k,  5.0, 3.0,   2779,  10.2,  17.2,  10.5, 0
 3700, 5.0,  0.0, 0.0, H,  75k, 10.0, 3.0,   1598,  17.8,  29.7,  18.3, 0
 3700, 5.0,  0.0, 0.0, K,  75k,  1.0, 3.0,   3519,   8.7,  32.8,   9.3, 0
 3700, 5.0,  0.0, 0.0, K,  75k,  5.0, 3.0,   2073,  14.8,  55.0,  15.8, 0
 3700, 5.0,  0.0, 0.0, K,  75k, 10.0, 3.0,   1065,  28.9, 102.8,  30.8, 0
 3700, 5.0,  0.0, 0.0, Z, 100k,  1.0, 3.0,   6068,   4.8,   8.1,   5.0, 0
 3700, 5.0,  0.0, 0.0, Z, 100k,  5.0, 3.0,   2884,  10.0,  17.0,  10.4, 0
 3700, 5.0,  0.0, 0.0, Z, 100k, 10.0, 3.0,   1478,  19.5,  32.3,  20.1, 0
 3700, 5.0,  0.0, 0.0, Y, 100k,  1.0, 3.0,   7898,   4.0,   4.7,   4.0, 0
 3700, 5.0,  0.0, 0.0, Y, 100k,  5.0, 3.0,   3227,   9.7,  11.5,   9.8, 0
 3700, 5.0,  0.0, 0.0, Y, 100k, 10.0, 3.0,   1403,  22.3,  26.5,  22.6, 0
 3700, 5.0,  0.0, 0.0, J, 100k,  1.0, 3.0,   3324,   8.0,  19.8,   8.4, 0
 3700, 5.0,  0.0, 0.0, J, 100k,  5.0, 3.0,   1644,  16.2,  44.5,  17.0, 0
 3700, 5.0,  0.0, 0.0, J, 100k, 10.0, 3.0,    864,  30.7,  92.4,  32.1, 0
 3700, 5.0,  0.0, 0.0, H, 100k,  1.0, 3.0,   4742,   5.2,   8.7,   5.3, 0
 3700, 5.0,  0.0, 0.0, H, 100k,  5.0, 3.0,   2956,   8.3,  14.0,   8.6, 0
 3700, 5.0,  0.0, 0.0, H, 100k, 10.0, 3.0,   1638,  15.0,  25.1,  15.4, 0
 3700, 5.0,  0.0, 0.0, K, 100k,  1.0, 3.0,   4292,   6.2,  23.1,   6.6, 0
 3700, 5.0,  0.0, 0.0, K, 100k,  5.0, 3.0,   2243,  11.8,  44.0,  12.6, 0
 3700, 5.0,  0.0, 0.0, K, 100k, 10.0, 3.0,   1097,  24.3,  86.0,  25.9, 0
 3600, 5.0,  0.0, 0.0, Z,  75k,  1.0, 3.0,   5129,   6.5,  11.1,   6.8, 0
 3600, 5.0,  0.0, 0.0, Z,  75k,  5.0, 3.0,   2826,  11.8,  20.1,  12.3, 0
 3600, 5.0,  0.0, 0.0, Z,  75k, 10.0, 3.0,   1482,  22.5,  37.1,  23.2, 0
 3600, 5.0,  0.0, 0.0, Y,  75k,  1.0, 3.0,   6269,   5.8,   6.8,   5.8, 0
 3600, 5.0,  0.0, 0.0, Y,  75k,  5.0, 3.0,   3123,  11.6,  13.7,  11.7, 0
 3600, 5.0,  0.0, 0.0, Y,  75k, 10.0, 3.0,   1425,  25.4,  30.1,  25.7, 0
 3600, 5.0,  0.0, 0.0, J,  75k,  1.0, 3.0,   2740,  11.3,  27.9,  11.8, 0
 3600, 5.0,  0.0, 0.0, J,  75k,  5.0, 3.0,   1578,  19.5,  52.1,  20.5, 0
 3600, 5.0,  0.0, 0.0, J,  75k, 10.0, 3.0,    857,  35.7, 103.3,  37.4, 0
 3600, 5.0,  0.0, 0.0, H,  75k,  1.0, 3.0,   4079,   6.9,  11.8,   7.1, 0
 3600, 5.0,  0.0, 0.0, H,  75k,  5.0, 3.0,   2750,  10.3,  17.4,  10.6, 0
 3600, 5.0,  0.0, 0.0, H,  75k, 10.0, 3.0,   1591,  17.8,  29.9,  18.3, 0
 3600, 5.0,  0.0, 0.0, K,  75k,  1.0, 3.0,   3660,   8.3,  29.7,   8.9, 0
 3600, 5.0,  0.0, 0.0, K,  75k,  5.0, 3.0,   2163,  14.1,  49.6,  15.0, 0
 3600, 5.0,  0.0, 0.0, K,  75k, 10.0, 3.0,   1114,  27.6,  92.5,  29.4, 0
 3600, 5.0,  0.0, 0.0, Z, 100k,  1.0, 3.0,   6737,   4.3,   7.4,   4.5, 0
 3600, 5.0,  0.0, 0.0, Z, 100k,  5.0, 3.0,   3064,   9.5,  16.1,   9.8, 0
 3600, 5.0,  0.0, 0.0, Z, 100k, 10.0, 3.0,   1528,  18.9,  31.3,  19.5, 0
 3600, 5.0,  0.0, 0.0, Y, 100k,  1.0, 3.0,   8468,   3.7,   4.4,   3.7, 0
 3600, 5.0,  0.0, 0.0, Y, 100k,  5.0, 3.0,   3434,   9.1,  10.8,   9.2, 0
 3600, 5.0,  0.0, 0.0, Y, 100k, 10.0, 3.0,   1486,  21.1,  25.0,  21.3, 0
 3600, 5.0,  0.0, 0.0, J, 100k,  1.0, 3.0,   3536,   7.6,  18.1,   7.9, 0
 3600, 5.0,  0.0, 0.0, J, 100k,  5.0, 3.0,   1703,  15.7,  41.5,  16.4, 0
 3600, 5.0,  0.0, 0.0, J, 100k, 10.0, 3.0,    882,  30.0,  86.4,  31.5, 0
 3600, 5.0,  0.0, 0.0, H, 100k,  1.0, 3.0,   4737,   5.2,   8.8,   5.3, 0
 3600, 5.0,  0.0, 0.0, H, 100k,  5.0, 3.0,   2925,   8.4,  14.2,   8.6, 0
 3600, 5.0,  0.0, 0.0, H, 100k, 10.0, 3.0,   1630,  15.0,  25.3,  15.4, 0
 3600, 5.0,  0.0, 0.0, K, 100k,  1.0, 3.0,   4465,   5.9,  20.9,   6.3, 0
 3600, 5.0,  0.0, 0.0, K, 100k,  5.0, 3.0,   2339,  11.3,  39.6,  12.0, 0
 3600, 5.0,  0.0, 0.0, K, 100k, 10.0, 3.0,   1147,  23.2,  77.4,  24.7, 0
 3500, 5.0,  0.0, 0.0, Z,  75k,  1.0, 3.0,   5742,   5.9,  10.1,   6.1, 0
 3500, 5.0,  0.0, 0.0, Z,  75k,  5.0, 3.0,   3073,  11.0,  18.7,  11.4, 0
 3500, 5.0,  0.0, 0.0, Z,  75k, 10.0, 3.0,   1567,  21.4,  35.4,  22.1, 0
 3500, 5.0,  0.0, 0.0, Y,  75k,  1.0, 3.0,   6781,   5.3,   6.3,   5.4, 0
 3500, 5.0,  0.0, 0.0, Y,  75k,  5.0, 3.0,   3360,  10.8,  12.8,  10.9, 0
 3500, 5.0,  0.0, 0.0, Y,  75k, 10.0, 3.0,   1527,  23.7,  28.2,  24.0, 0
 3500, 5.0,  0.0, 0.0, J,  75k,  1.0, 3.0,   2934,  10.5,  25.4,  11.0, 0
 3500, 5.0,  0.0, 0.0, J,  75k,  5.0, 3.0,   1657,  18.6,  48.0,  19.5, 0
 3500, 5.0,  0.0, 0.0, J,  75k, 10.0, 3.0,    887,  34.5,  95.3,  36.2, 0
 3500, 5.0,  0.0, 0.0, H,  75k,  1.0, 3.0,   4084,   6.9,  11.8,   7.1, 0
 3500, 5.0,  0.0, 0.0, H,  75k,  5.0, 3.0,   2713,  10.4,  17.8,  10.7, 0
 3500, 5.0,  0.0, 0.0, H,  75k, 10.0, 3.0,   1565,  18.0,  30.6,  18.5, 0
 3500, 5.0,  0.0, 0.0, K,  75k,  1.0, 3.0,   3831,   7.9,  27.8,   8.5, 0
 3500, 5.0,  0.0, 0.0, K,  75k,  5.0, 3.0,   2278,  13.4,  45.6,  14.2, 0
 3500, 5.0,  0.0, 0.0, K,  75k, 10.0, 3.0,   1178,  26.1,  84.3,  27.8, 0
 3500, 5.0,  0.0, 0.0, Z, 100k,  1.0, 3.0,   7650,   3.8,   6.6,   4.0, 0
 3500, 5.0,  0.0, 0.0, Z, 100k,  5.0, 3.0,   3344,   8.7,  14.9,   9.0, 0
 3500, 5.0,  0.0, 0.0, Z, 100k, 10.0, 3.0,   1620,  18.0,  29.8,  18.6, 0
 3500, 5.0,  0.0, 0.0, Y, 100k,  1.0, 3.0,   9178,   3.4,   4.1,   3.5, 0
 3500, 5.0,  0.0, 0.0, Y, 100k,  5.0, 3.0,   3697,   8.5,  10.1,   8.6, 0
 3500, 5.0,  0.0, 0.0, Y, 100k, 10.0, 3.0,   1593,  19.7,  23.4,  19.9, 0
 3500, 5.0,  0.0, 0.0, J, 100k,  1.0, 3.0,   3823,   7.0,  16.4,   7.3, 0
 3500, 5.0,  0.0, 0.0, J, 100k,  5.0, 3.0,   1792,  14.9,  38.2,  15.6, 0
 3500, 5.0,  0.0, 0.0, J, 100k, 10.0, 3.0,    914,  29.0,  79.6,  30.4, 0
 3500, 5.0,  0.0, 0.0, H, 100k,  1.0, 3.0,   4790,   5.1,   8.7,   5.2, 0
 3500, 5.0,  0.0, 0.0, H, 100k,  5.0, 3.0,   2889,   8.5,  14.5,   8.7, 0
 3500, 5.0,  0.0, 0.0, H, 100k, 10.0, 3.0,   1604,  15.2,  25.9,  15.6, 0
 3500, 5.0,  0.0, 0.0, K, 100k,  1.0, 3.0,   4667,   5.6,  19.7,   6.0, 0
 3500, 5.0,  0.0, 0.0, K, 100k,  5.0, 3.0,   2462,  10.7,  36.5,  11.4, 0
 3500, 5.0,  0.0, 0.0, K, 100k, 10.0, 3.0,   1213,  21.9,  70.6,  23.4, 0
 3400, 5.0,  0.0, 0.0, Z,  75k,  1.0, 3.0,   6523,   5.2,   9.0,   5.4, 0
 3400, 5.0,  0.0, 0.0, Z,  75k,  5.0, 3.0,   3412,  10.0,  17.1,  10.3, 0
 3400, 5.0,  0.0, 0.0, Z,  75k, 10.0, 3.0,   1695,  19.9,  33.1,  20.6, 0
 3400, 5.0,  0.0, 0.0, Y,  75k,  1.0, 3.0,   6883,   5.3,   6.4,   5.4, 0
 3400, 5.0,  0.0, 0.0, Y,  75k,  5.0, 3.0,   3533,  10.3,  12.4,  10.4, 0
 3400, 5.0,  0.0, 0.0, Y,  75k, 10.0, 3.0,   1717,  21.2,  25.3,  21.5, 0
 3400, 5.0,  0.0, 0.0, J,  75k,  1.0, 3.0,   3201,   9.7,  22.8,  10.1, 0
 3400, 5.0,  0.0, 0.0, J,  75k,  5.0, 3.0,   1772,  17.4,  43.5,  18.2, 0
 3400, 5.0,  0.0, 0.0, J,  75k, 10.0, 3.0,    934,  32.8,  86.5,  34.4, 0
 3400, 5.0,  0.0, 0.0, H,  75k,  1.0, 3.0,   4046,   6.9,  12.1,   7.1, 0
 3400, 5.0,  0.0, 0.0, H,  75k,  5.0, 3.0,   2655,  10.6,  18.5,  10.9, 0
 3400, 5.0,  0.0, 0.0, H,  75k, 10.0, 3.0,   1522,  18.4,  32.0,  19.0, 0
 3400, 5.0,  0.0, 0.0, K,  75k,  1.0, 3.0,   4028,   7.5,  26.1,   8.0, 0
 3400, 5.0,  0.0, 0.0, K,  75k,  5.0, 3.0,   2410,  12.6,  42.0,  13.4, 0
 3400, 5.0,  0.0, 0.0, K,  75k, 10.0, 3.0,   1250,  24.5,  76.9,  26.1, 0
 3400, 5.0,  0.0, 0.0, Z, 100k,  1.0, 3.0,   8776,   3.4,   5.8,   3.5, 0
 3400, 5.0,  0.0, 0.0, Z, 100k,  5.0, 3.0,   3724,   7.9,  13.6,   8.2, 0
 3400, 5.0,  0.0, 0.0, Z, 100k, 10.0, 3.0,   1755,  16.7,  27.8,  17.3, 0
 3400, 5.0,  0.0, 0.0, Y, 100k,  1.0, 3.0,   9254,   3.4,   4.1,   3.5, 0
 3400, 5.0,  0.0, 0.0, Y, 100k,  5.0, 3.0,   3866,   8.2,   9.8,   8.3, 0
 3400, 5.0,  0.0, 0.0, Y, 100k, 10.0, 3.0,   1782,  17.7,  21.1,  17.9, 0
 3400, 5.0,  0.0, 0.0, J, 100k,  1.0, 3.0,   4212,   6.4,  14.7,   6.7, 0
 3400, 5.0,  0.0, 0.0, J, 100k,  5.0, 3.0,   1920,  13.9,  34.6,  14.6, 0
 3400, 5.0,  0.0, 0.0, J, 100k, 10.0, 3.0,    963,  27.5,  72.2,  28.8, 0
 3400, 5.0,  0.0, 0.0, H, 100k,  1.0, 3.0,   4779,   5.1,   8.9,   5.2, 0
 3400, 5.0,  0.0, 0.0, H, 100k,  5.0, 3.0,   2830,   8.6,  15.0,   8.8, 0
 3400, 5.0,  0.0, 0.0, H, 100k, 10.0, 3.0,   1561,  15.6,  27.0,  16.0, 0
 3400, 5.0,  0.0, 0.0, K, 100k,  1.0, 3.0,   4897,   5.3,  18.6,   5.7, 0
 3400, 5.0,  0.0, 0.0, K, 100k,  5.0, 3.0,   2603,  10.1,  33.7,  10.7, 0
 3400, 5.0,  0.0, 0.0, K, 100k, 10.0, 3.0,   1287,  20.6,  64.5,  22.0, 0
 3300, 5.0,  0.0, 0.0, Z,  75k,  1.0, 3.0,   7496,   4.6,   8.0,   4.8, 0
 3300, 5.0,  0.0, 0.0, Z,  75k,  5.0, 3.0,   3857,   8.9,  15.3,   9.2, 0
 3300, 5.0,  0.0, 0.0, Z,  75k, 10.0, 3.0,   1875,  18.2,  30.3,  18.8, 0
 3300, 5.0,  0.0, 0.0, Y,  75k,  1.0, 3.0,   6670,   5.5,   6.7,   5.6, 0
 3300, 5.0,  0.0, 0.0, Y,  75k,  5.0, 3.0,   3575,  10.3,  12.4,  10.4, 0
 3300, 5.0,  0.0, 0.0, Y,  75k, 10.0, 3.0,   1850,  19.9,  23.8,  20.1, 0
 3300, 5.0,  0.0, 0.0, J,  75k,  1.0, 3.0,   3566,   8.7,  20.1,   9.1, 0
 3300, 5.0,  0.0, 0.0, J,  75k,  5.0, 3.0,   1935,  16.0,  38.8,  16.7, 0
 3300, 5.0,  0.0, 0.0, J,  75k, 10.0, 3.0,   1003,  30.6,  77.1,  32.0, 0
 3300, 5.0,  0.0, 0.0, H,  75k,  1.0, 3.0,   3985,   7.0,  12.7,   7.2, 0
 3300, 5.0,  0.0, 0.0, H,  75k,  5.0, 3.0,   2591,  10.8,  19.4,  11.1, 0
 3300, 5.0,  0.0, 0.0, H,  75k, 10.0, 3.0,   1474,  19.0,  33.9,  19.6, 0
 3300, 5.0,  0.0, 0.0, K,  75k,  1.0, 3.0,   4245,   7.1,  24.4,   7.6, 0
 3300, 5.0,  0.0, 0.0, K,  75k,  5.0, 3.0,   2552,  11.9,  38.9,  12.7, 0
 3300, 5.0,  0.0, 0.0, K,  75k, 10.0, 3.0,   1328,  23.0,  70.9,  24.6, 0
 3300, 5.0,  0.0, 0.0, Z, 100k,  1.0, 3.0,  10149,   2.9,   5.1,   3.1, 0
 3300, 5.0,  0.0, 0.0, Z, 100k,  5.0, 3.0,   4220,   7.0,  12.1,   7.3, 0
 3300, 5.0,  0.0, 0.0, Z, 100k, 10.0, 3.0,   1945,  15.2,  25.4,  15.7, 0
 3300, 5.0,  0.0, 0.0, Y, 100k,  1.0, 3.0,   8866,   3.6,   4.4,   3.6, 0
 3300, 5.0,  0.0, 0.0, Y, 100k,  5.0, 3.0,   3888,   8.2,   9.9,   8.3, 0
 3300, 5.0,  0.0, 0.0, Y, 100k, 10.0, 3.0,   1911,  16.7,  19.9,  16.9, 0
 3300, 5.0,  0.0, 0.0, J, 100k,  1.0, 3.0,   4734,   5.7,  12.9,   5.9, 0
 3300, 5.0,  0.0, 0.0, J, 100k,  5.0, 3.0,   2103,  12.7,  30.8,  13.3, 0
 3300, 5.0,  0.0, 0.0, J, 100k, 10.0, 3.0,   1036,  25.6,  64.4,  26.8, 0
 3300, 5.0,  0.0, 0.0, H, 100k,  1.0, 3.0,   4729,   5.1,   9.2,   5.3, 0
 3300, 5.0,  0.0, 0.0, H, 100k,  5.0, 3.0,   2765,   8.8,  15.7,   9.0, 0
 3300, 5.0,  0.0, 0.0, H, 100k, 10.0, 3.0,   1512,  16.0,  28.6,  16.5, 0
 3300, 5.0,  0.0, 0.0, K, 100k,  1.0, 3.0,   5157,   5.1,  17.4,   5.4, 0
 3300, 5.0,  0.0, 0.0, K, 100k,  5.0, 3.0,   2754,   9.5,  31.2,  10.1, 0
 3300, 5.0,  0.0, 0.0, K, 100k, 10.0, 3.0,   1367,  19.4,  59.4,  20.7, 0
 3200, 5.0,  0.0, 0.0, Z,  75k,  1.0, 3.0,   8597,   4.1,   7.2,   4.2, 0
 3200, 5.0,  0.0, 0.0, Z,  75k,  5.0, 3.0,   4380,   7.9,  13.9,   8.2, 0
 3200, 5.0,  0.0, 0.0, Z,  75k, 10.0, 3.0,   2099,  16.4,  27.8,  17.0, 0
 3200, 5.0,  0.0, 0.0, Y,  75k,  1.0, 3.0,   6872,   5.4,   6.6,   5.5, 0
 3200, 5.0,  0.0, 0.0, Y,  75k,  5.0, 3.0,   3753,   9.9,  12.0,  10.0, 0
 3200, 5.0,  0.0, 0.0, Y,  75k, 10.0, 3.0,   2002,  18.5,  22.1,  18.7, 0
 3200, 5.0,  0.0, 0.0, J,  75k,  1.0, 3.0,   4066,   7.6,  17.4,   8.0, 0
 3200, 5.0,  0.0, 0.0, J,  75k,  5.0, 3.0,   2165,  14.3,  33.9,  15.0, 0
 3200, 5.0,  0.0, 0.0, J,  75k, 10.0, 3.0,   1103,  27.8,  67.6,  29.1, 0
 3200, 5.0,  0.0, 0.0, H,  75k,  1.0, 3.0,   3981,   7.0,  13.0,   7.2, 0
 3200, 5.0,  0.0, 0.0, H,  75k,  5.0, 3.0,   2561,  10.9,  20.2,  11.3, 0
 3200, 5.0,  0.0, 0.0, H,  75k, 10.0, 3.0,   1442,  19.4,  35.8,  20.0, 0
 3200, 5.0,  0.0, 0.0, K,  75k,  1.0, 3.0,   4496,   6.7,  22.9,   7.2, 0
 3200, 5.0,  0.0, 0.0, K,  75k,  5.0, 3.0,   2711,  11.2,  36.3,  11.9, 0
 3200, 5.0,  0.0, 0.0, K,  75k, 10.0, 3.0,   1416,  21.6,  66.0,  23.0, 0
 3200, 5.0,  0.0, 0.0, Z, 100k,  1.0, 3.0,  11669,   2.6,   4.6,   2.7, 0
 3200, 5.0,  0.0, 0.0, Z, 100k,  5.0, 3.0,   4801,   6.3,  11.0,   6.5, 0
 3200, 5.0,  0.0, 0.0, Z, 100k, 10.0, 3.0,   2181,  13.7,  23.3,  14.2, 0
 3200, 5.0,  0.0, 0.0, Y, 100k,  1.0, 3.0,   9075,   3.5,   4.4,   3.6, 0
 3200, 5.0,  0.0, 0.0, Y, 100k,  5.0, 3.0,   4070,   7.9,   9.6,   8.0, 0
 3200, 5.0,  0.0, 0.0, Y, 100k, 10.0, 3.0,   2063,  15.5,  18.6,  15.7, 0
 3200, 5.0,  0.0, 0.0, J, 100k,  1.0, 3.0,   5439,   4.9,  11.1,   5.2, 0
 3200, 5.0,  0.0, 0.0, J, 100k,  5.0, 3.0,   2358,  11.4,  26.9,  11.9, 0
 3200, 5.0,  0.0, 0.0, J, 100k, 10.0, 3.0,   1141,  23.3,  56.4,  24.3, 0
 3200, 5.0,  0.0, 0.0, H, 100k,  1.0, 3.0,   4746,   5.1,   9.5,   5.3, 0
 3200, 5.0,  0.0, 0.0, H, 100k,  5.0, 3.0,   2736,   8.9,  16.4,   9.1, 0
 3200, 5.0,  0.0, 0.0, H, 100k, 10.0, 3.0,   1480,  16.3,  30.1,  16.9, 0
 3200, 5.0,  0.0, 0.0, K, 100k,  1.0, 3.0,   5460,   4.8,  16.4,   5.1, 0
 3200, 5.0,  0.0, 0.0, K, 100k,  5.0, 3.0,   2925,   8.9,  29.2,   9.5, 0
 3200, 5.0,  0.0, 0.0, K, 100k, 10.0, 3.0,   1457,  18.2,  55.4,  19.4, 0
 3100, 5.0,  0.0, 0.0, Z,  75k,  1.0, 3.0,   9648,   3.6,   6.8,   3.8, 0
 3100, 5.0,  0.0, 0.0, Z,  75k,  5.0, 3.0,   4907,   7.1,  13.0,   7.3, 0
 3100, 5.0,  0.0, 0.0, Z,  75k, 10.0, 3.0,   2345,  14.7,  25.7,  15.2, 0
 3100, 5.0,  0.0, 0.0, Y,  75k,  1.0, 3.0,   7343,   5.1,   6.4,   5.2, 0
 3100, 5.0,  0.0, 0.0, Y,  75k,  5.0, 3.0,   4056,   9.2,  11.4,   9.3, 0
 3100, 5.0,  0.0, 0.0, Y,  75k, 10.0, 3.0,   2206,  16.9,  20.4,  17.1, 0
 3100, 5.0,  0.0, 0.0, J,  75k,  1.0, 3.0,   4472,   6.9,  16.4,   7.2, 0
 3100, 5.0,  0.0, 0.0, J,  75k,  5.0, 3.0,   2377,  13.0,  31.2,  13.6, 0
 3100, 5.0,  0.0, 0.0, J,  75k, 10.0, 3.0,   1211,  25.2,  60.8,  26.4, 0
 3100, 5.0,  0.0, 0.0, H,  75k,  1.0, 3.0,   4056,   6.9,  13.2,   7.1, 0
 3100, 5.0,  0.0, 0.0, H,  75k,  5.0, 3.0,   2585,  10.8,  20.8,  11.2, 0
 3100, 5.0,  0.0, 0.0, H,  75k, 10.0, 3.0,   1442,  19.4,  37.1,  20.0, 0
 3100, 5.0,  0.0, 0.0, K,  75k,  1.0, 3.0,   4797,   6.3,  21.5,   6.7, 0
 3100, 5.0,  0.0, 0.0, K,  75k,  5.0, 3.0,   2903,  10.4,  33.9,  11.1, 0
 3100, 5.0,  0.0, 0.0, K,  75k, 10.0, 3.0,   1524,  20.0,  61.5,  21.4, 0
 3100, 5.0,  0.0, 0.0, Z, 100k,  1.0, 3.0,  13091,   2.3,   4.3,   2.4, 0
 3100, 5.0,  0.0, 0.0, Z, 100k,  5.0, 3.0,   5380,   5.6,  10.3,   5.8, 0
 3100, 5.0,  0.0, 0.0, Z, 100k, 10.0, 3.0,   2437,  12.3,  21.6,  12.7, 0
 3100, 5.0,  0.0, 0.0, Y, 100k,  1.0, 3.0,   9678,   3.3,   4.2,   3.4, 0
 3100, 5.0,  0.0, 0.0, Y, 100k,  5.0, 3.0,   4389,   7.4,   9.1,   7.5, 0
 3100, 5.0,  0.0, 0.0, Y, 100k, 10.0, 3.0,   2270,  14.2,  17.2,  14.4, 0
 3100, 5.0,  0.0, 0.0, J, 100k,  1.0, 3.0,   5985,   4.5,  10.5,   4.7, 0
 3100, 5.0,  0.0, 0.0, J, 100k,  5.0, 3.0,   2590,  10.3,  24.8,  10.8, 0
 3100, 5.0,  0.0, 0.0, J, 100k, 10.0, 3.0,   1252,  21.1,  50.8,  22.1, 0
 3100, 5.0,  0.0, 0.0, H, 100k,  1.0, 3.0,   4857,   5.0,   9.5,   5.1, 0
 3100, 5.0,  0.0, 0.0, H, 100k,  5.0, 3.0,   2766,   8.7,  16.8,   9.0, 0
 3100, 5.0,  0.0, 0.0, H, 100k, 10.0, 3.0,   1482,  16.3,  31.2,  16.9, 0
 3100, 5.0,  0.0, 0.0, K, 100k,  1.0, 3.0,   5825,   4.5,  15.4,   4.8, 0
 3100, 5.0,  0.0, 0.0, K, 100k,  5.0, 3.0,   3129,   8.3,  27.3,   8.9, 0
 3100, 5.0,  0.0, 0.0, K, 100k, 10.0, 3.0,   1568,  16.9,  51.6,  18.0, 0
 3000, 5.0,  0.0, 0.0, Z,  75k,  1.0, 3.0,  11376,   3.1,   5.9,   3.2, 0
 3000, 5.0,  0.0, 0.0, Z,  75k,  5.0, 3.0,   5769,   6.1,  11.5,   6.3, 0
 3000, 5.0,  0.0, 0.0, Z,  75k, 10.0, 3.0,   2732,  12.8,  22.7,  13.2, 0
 3000, 5.0,  0.0, 0.0, Y,  75k,  1.0, 3.0,   8201,   4.6,   5.9,   4.6, 0
 3000, 5.0,  0.0, 0.0, Y,  75k,  5.0, 3.0,   4509,   8.3,  10.4,   8.4, 0
 3000, 5.0,  0.0, 0.0, Y,  75k, 10.0, 3.0,   2471,  15.2,  18.4,  15.4, 0
 3000, 5.0,  0.0, 0.0, J,  75k,  1.0, 3.0,   4264,   7.2,  18.5,   7.6, 0
 3000, 5.0,  0.0, 0.0, J,  75k,  5.0, 3.0,   2306,  13.3,  34.5,  14.0, 0
 3000, 5.0,  0.0, 0.0, J,  75k, 10.0, 3.0,   1208,  25.2,  64.3,  26.4, 0
 3000, 5.0,  0.0, 0.0, H,  75k,  1.0, 3.0,   4242,   6.6,  13.0,   6.8, 0
 3000, 5.0,  0.0, 0.0, H,  75k,  5.0, 3.0,   2684,  10.4,  20.7,  10.8, 0
 3000, 5.0,  0.0, 0.0, H,  75k, 10.0, 3.0,   1489,  18.8,  37.3,  19.4, 0
 3000, 5.0,  0.0, 0.0, K,  75k,  1.0, 3.0,   5187,   5.8,  19.9,   6.2, 0
 3000, 5.0,  0.0, 0.0, K,  75k,  5.0, 3.0,   3148,   9.6,  31.4,  10.2, 0
 3000, 5.0,  0.0, 0.0, K,  75k, 10.0, 3.0,   1661,  18.3,  56.9,  19.6, 0
 3000, 5.0,  0.0, 0.0, Z, 100k,  1.0, 3.0,  15439,   2.0,   3.8,   2.1, 0
 3000, 5.0,  0.0, 0.0, Z, 100k,  5.0, 3.0,   6330,   4.8,   9.1,   5.0, 0
 3000, 5.0,  0.0, 0.0, Z, 100k, 10.0, 3.0,   2841,  10.7,  19.0,  11.1, 0
 3000, 5.0,  0.0, 0.0, Y, 100k,  1.0, 3.0,  10843,   3.0,   3.9,   3.0, 0
 3000, 5.0,  0.0, 0.0, Y, 100k,  5.0, 3.0,   4880,   6.7,   8.3,   6.8, 0
 3000, 5.0,  0.0, 0.0, Y, 100k, 10.0, 3.0,   2541,  12.8,  15.5,  12.9, 0
 3000, 5.0,  0.0, 0.0, J, 100k,  1.0, 3.0,   5661,   4.7,  12.0,   5.0, 0
 3000, 5.0,  0.0, 0.0, J, 100k,  5.0, 3.0,   2506,  10.6,  27.4,  11.2, 0
 3000, 5.0,  0.0, 0.0, J, 100k, 10.0, 3.0,   1246,  21.1,  53.9,  22.1, 0
 3000, 5.0,  0.0, 0.0, H, 100k,  1.0, 3.0,   5097,   4.7,   9.3,   4.9, 0
 3000, 5.0,  0.0, 0.0, H, 100k,  5.0, 3.0,   2874,   8.4,  16.7,   8.7, 0
 3000, 5.0,  0.0, 0.0, H, 100k, 10.0, 3.0,   1530,  15.8,  31.3,  16.4, 0
 3000, 5.0,  0.0, 0.0, K, 100k,  1.0, 3.0,   6298,   4.1,  14.2,   4.4, 0
 3000, 5.0,  0.0, 0.0, K, 100k,  5.0, 3.0,   3392,   7.7,  25.2,   8.2, 0
 3000, 5.0,  0.0, 0.0, K, 100k, 10.0, 3.0,   1709,  15.4,  47.7,  16.5, 0
 2900, 5.0,  0.0, 0.0, Z,  75k,  1.0, 3.0,  13402,   2.7,   5.2,   2.8, 0
 2900, 5.0,  0.0, 0.0, Z,  75k,  5.0, 3.0,   6815,   5.2,  10.1,   5.4, 0
 2900, 5.0,  0.0, 0.0, Z,  75k, 10.0, 3.0,   3216,  10.9,  20.0,  11.4, 0
 2900, 5.0,  0.0, 0.0, Y,  75k,  1.0, 3.0,   9266,   4.1,   5.3,   4.2, 0
 2900, 5.0,  0.0, 0.0, Y,  75k,  5.0, 3.0,   5038,   7.5,   9.5,   7.6, 0
 2900, 5.0,  0.0, 0.0, Y,  75k, 10.0, 3.0,   2763,  13.7,  16.7,  13.9, 0
 2900, 5.0,  0.0, 0.0, J,  75k,  1.0, 3.0,   4843,   6.4,  16.2,   6.7, 0
 2900, 5.0,  0.0, 0.0, J,  75k,  5.0, 3.0,   2592,  11.9,  30.5,  12.5, 0
 2900, 5.0,  0.0, 0.0, J,  75k, 10.0, 3.0,   1348,  22.5,  56.8,  23.6, 0
 2900, 5.0,  0.0, 0.0, H,  75k,  1.0, 3.0,   4552,   6.1,  12.4,   6.3, 0
 2900, 5.0,  0.0, 0.0, H,  75k,  5.0, 3.0,   2869,   9.7,  19.9,  10.1, 0
 2900, 5.0,  0.0, 0.0, H,  75k, 10.0, 3.0,   1588,  17.6,  36.1,  18.3, 0
 2900, 5.0,  0.0, 0.0, K,  75k,  1.0, 3.0,   5638,   5.3,  18.3,   5.7, 0
 2900, 5.0,  0.0, 0.0, K,  75k,  5.0, 3.0,   3441,   8.7,  28.8,   9.3, 0
 2900, 5.0,  0.0, 0.0, K,  75k, 10.0, 3.0,   1830,  16.6,  52.2,  17.8, 0
 2900, 5.0,  0.0, 0.0, Z, 100k,  1.0, 3.0,  18138,   1.7,   3.4,   1.8, 0
 2900, 5.0,  0.0, 0.0, Z, 100k,  5.0, 3.0,   7477,   4.1,   8.0,   4.3, 0
 2900, 5.0,  0.0, 0.0, Z, 100k, 10.0, 3.0,   3345,   9.1,  16.7,   9.5, 0
 2900, 5.0,  0.0, 0.0, Y, 100k,  1.0, 3.0,  12315,   2.7,   3.5,   2.7, 0
 2900, 5.0,  0.0, 0.0, Y, 100k,  5.0, 3.0,   5457,   6.0,   7.6,   6.1, 0
 2900, 5.0,  0.0, 0.0, Y, 100k, 10.0, 3.0,   2841,  11.5,  14.1,  11.7, 0
 2900, 5.0,  0.0, 0.0, J, 100k,  1.0, 3.0,   6458,   4.1,  10.5,   4.3, 0
 2900, 5.0,  0.0, 0.0, J, 100k,  5.0, 3.0,   2821,   9.4,  24.2,   9.9, 0
 2900, 5.0,  0.0, 0.0, J, 100k, 10.0, 3.0,   1391,  18.8,  47.6,  19.7, 0
 2900, 5.0,  0.0, 0.0, H, 100k,  1.0, 3.0,   5478,   4.4,   8.9,   4.6, 0
 2900, 5.0,  0.0, 0.0, H, 100k,  5.0, 3.0,   3074,   7.9,  16.0,   8.2, 0
 2900, 5.0,  0.0, 0.0, H, 100k, 10.0, 3.0,   1632,  14.8,  30.4,  15.4, 0
 2900, 5.0,  0.0, 0.0, K, 100k,  1.0, 3.0,   6839,   3.8,  13.1,   4.0, 0
 2900, 5.0,  0.0, 0.0, K, 100k,  5.0, 3.0,   3704,   7.0,  23.2,   7.5, 0
 2900, 5.0,  0.0, 0.0, K, 100k, 10.0, 3.0,   1881,  14.0,  43.8,  15.0, 0
 2800, 5.0,  0.0, 0.0, Z,  75k,  1.0, 3.0,  15705,   2.3,   4.6,   2.4, 0
 2800, 5.0,  0.0, 0.0, Z,  75k,  5.0, 3.0,   8032,   4.4,   8.8,   4.6, 0
 2800, 5.0,  0.0, 0.0, Z,  75k, 10.0, 3.0,   3793,   9.3,  17.5,   9.7, 0
 2800, 5.0,  0.0, 0.0, Y,  75k,  1.0, 3.0,  10524,   3.6,   4.8,   3.7, 0
 2800, 5.0,  0.0, 0.0, Y,  75k,  5.0, 3.0,   5648,   6.8,   8.7,   6.9, 0
 2800, 5.0,  0.0, 0.0, Y,  75k, 10.0, 3.0,   3090,  12.4,  15.2,  12.5, 0
 2800, 5.0,  0.0, 0.0, J,  75k,  1.0, 3.0,   5596,   5.5,  14.0,   5.8, 0
 2800, 5.0,  0.0, 0.0, J,  75k,  5.0, 3.0,   2959,  10.4,  26.8,  10.9, 0
 2800, 5.0,  0.0, 0.0, J,  75k, 10.0, 3.0,   1521,  19.8,  50.1,  20.8, 0
 2800, 5.0,  0.0, 0.0, H,  75k,  1.0, 3.0,   4997,   5.6,  11.5,   5.8, 0
 2800, 5.0,  0.0, 0.0, H,  75k,  5.0, 3.0,   3147,   8.9,  18.5,   9.2, 0
 2800, 5.0,  0.0, 0.0, H,  75k, 10.0, 3.0,   1742,  16.1,  33.7,  16.7, 0
 2800, 5.0,  0.0, 0.0, K,  75k,  1.0, 3.0,   6218,   4.8,  16.3,   5.1, 0
 2800, 5.0,  0.0, 0.0, K,  75k,  5.0, 3.0,   3813,   7.8,  26.0,   8.4, 0
 2800, 5.0,  0.0, 0.0, K,  75k, 10.0, 3.0,   2047,  14.8,  47.2,  15.9, 0
 2800, 5.0,  0.0, 0.0, Z, 100k,  1.0, 3.0,  21185,   1.5,   3.0,   1.5, 0
 2800, 5.0,  0.0, 0.0, Z, 100k,  5.0, 3.0,   8807,   3.5,   7.0,   3.7, 0
 2800, 5.0,  0.0, 0.0, Z, 100k, 10.0, 3.0,   3944,   7.8,  14.7,   8.1, 0
 2800, 5.0,  0.0, 0.0, Y, 100k,  1.0, 3.0,  14070,   2.4,   3.1,   2.4, 0
 2800, 5.0,  0.0, 0.0, Y, 100k,  5.0, 3.0,   6125,   5.4,   7.0,   5.5, 0
 2800, 5.0,  0.0, 0.0, Y, 100k, 10.0, 3.0,   3176,  10.4,  12.9,  10.6, 0
 2800, 5.0,  0.0, 0.0, J, 100k,  1.0, 3.0,   7494,   3.5,   9.0,   3.7, 0
 2800, 5.0,  0.0, 0.0, J, 100k,  5.0, 3.0,   3226,   8.2,  21.2,   8.6, 0
 2800, 5.0,  0.0, 0.0, J, 100k, 10.0, 3.0,   1571,  16.6,  41.9,  17.4, 0
 2800, 5.0,  0.0, 0.0, H, 100k,  1.0, 3.0,   6017,   4.0,   8.2,   4.2, 0
 2800, 5.0,  0.0, 0.0, H, 100k,  5.0, 3.0,   3372,   7.2,  14.9,   7.5, 0
 2800, 5.0,  0.0, 0.0, H, 100k, 10.0, 3.0,   1790,  13.6,  28.3,  14.1, 0
 2800, 5.0,  0.0, 0.0, K, 100k,  1.0, 3.0,   7539,   3.4,  11.6,   3.6, 0
 2800, 5.0,  0.0, 0.0, K, 100k,  5.0, 3.0,   4100,   6.3,  20.9,   6.7, 0
 2800, 5.0,  0.0, 0.0, K, 100k, 10.0, 3.0,   2103,  12.5,  39.6,  13.4, 0
 2700, 5.0,  0.0, 0.0, Z,  75k,  1.0, 3.0,  18399,   1.9,   4.0,   2.0, 0
 2700, 5.0,  0.0, 0.0, Z,  75k,  5.0, 3.0,   9441,   3.8,   7.7,   3.9, 0
 2700, 5.0,  0.0, 0.0, Z,  75k, 10.0, 3.0,   4464,   7.9,  15.3,   8.2, 0
 2700, 5.0,  0.0, 0.0, Y,  75k,  1.0, 3.0,  12009,   3.2,   4.3,   3.2, 0
 2700, 5.0,  0.0, 0.0, Y,  75k,  5.0, 3.0,   6325,   6.1,   7.9,   6.2, 0
 2700, 5.0,  0.0, 0.0, Y,  75k, 10.0, 3.0,   3433,  11.2,  13.9,  11.3, 0
 2700, 5.0,  0.0, 0.0, J,  75k,  1.0, 3.0,   6464,   4.7,  12.2,   5.0, 0
 2700, 5.0,  0.0, 0.0, J,  75k,  5.0, 3.0,   3376,   9.0,  23.6,   9.5, 0
 2700, 5.0,  0.0, 0.0, J,  75k, 10.0, 3.0,   1713,  17.5,  44.7,  18.4, 0
 2700, 5.0,  0.0, 0.0, H,  75k,  1.0, 3.0,   5669,   5.0,  10.1,   5.1, 0
 2700, 5.0,  0.0, 0.0, H,  75k,  5.0, 3.0,   3555,   7.9,  16.5,   8.2, 0
 2700, 5.0,  0.0, 0.0, H,  75k, 10.0, 3.0,   1965,  14.4,  30.3,  14.9, 0
 2700, 5.0,  0.0, 0.0, K,  75k,  1.0, 3.0,   7132,   4.1,  13.3,   4.4, 0
 2700, 5.0,  0.0, 0.0, K,  75k,  5.0, 3.0,   4360,   6.8,  21.9,   7.3, 0
 2700, 5.0,  0.0, 0.0, K,  75k, 10.0, 3.0,   2351,  12.9,  40.7,  13.8, 0
 2700, 5.0,  0.0, 0.0, Z, 100k,  1.0, 3.0,  24797,   1.3,   2.6,   1.3, 0
 2700, 5.0,  0.0, 0.0, Z, 100k,  5.0, 3.0,  10351,   3.0,   6.1,   3.1, 0
 2700, 5.0,  0.0, 0.0, Z, 100k, 10.0, 3.0,   4641,   6.6,  12.8,   6.9, 0
 2700, 5.0,  0.0, 0.0, Y, 100k,  1.0, 3.0,  16190,   2.0,   2.8,   2.1, 0
 2700, 5.0,  0.0, 0.0, Y, 100k,  5.0, 3.0,   6872,   4.8,   6.4,   4.9, 0
 2700, 5.0,  0.0, 0.0, Y, 100k, 10.0, 3.0,   3530,   9.4,  11.8,   9.6, 0
 2700, 5.0,  0.0, 0.0, J, 100k,  1.0, 3.0,   8699,   3.0,   7.8,   3.2, 0
 2700, 5.0,  0.0, 0.0, J, 100k,  5.0, 3.0,   3686,   7.2,  18.7,   7.5, 0
 2700, 5.0,  0.0, 0.0, J, 100k, 10.0, 3.0,   1772,  14.6,  37.3,  15.4, 0
 2700, 5.0,  0.0, 0.0, H, 100k,  1.0, 3.0,   6843,   3.6,   7.2,   3.7, 0
 2700, 5.0,  0.0, 0.0, H, 100k,  5.0, 3.0,   3810,   6.4,  13.2,   6.6, 0
 2700, 5.0,  0.0, 0.0, H, 100k, 10.0, 3.0,   2019,  12.1,  25.5,  12.6, 0
 2700, 5.0,  0.0, 0.0, K, 100k,  1.0, 3.0,   8687,   2.9,   9.3,   3.1, 0
 2700, 5.0,  0.0, 0.0, K, 100k,  5.0, 3.0,   4687,   5.5,  17.5,   5.8, 0
 2700, 5.0,  0.0, 0.0, K, 100k, 10.0, 3.0,   2415,  10.9,  34.1,  11.6, 0
 2600, 5.0,  0.0, 0.0, Z,  75k,  1.0, 3.0,  19528,   1.8,   4.0,   1.9, 0
 2600, 5.0,  0.0, 0.0, Z,  75k,  5.0, 3.0,  10224,   3.4,   7.4,   3.6, 0
 2600, 5.0,  0.0, 0.0, Z,  75k, 10.0, 3.0,   4913,   7.0,  14.3,   7.4, 0
 2600, 5.0,  0.0, 0.0, Y,  75k,  1.0, 3.0,  13485,   2.8,   3.9,   2.9, 0
 2600, 5.0,  0.0, 0.0, Y,  75k,  5.0, 3.0,   6949,   5.5,   7.4,   5.6, 0
 2600, 5.0,  0.0, 0.0, Y,  75k, 10.0, 3.0,   3684,  10.4,  13.2,  10.5, 0
 2600, 5.0,  0.0, 0.0, J,  75k,  1.0, 3.0,   7502,   4.1,  10.5,   4.3, 0
 2600, 5.0,  0.0, 0.0, J,  75k,  5.0, 3.0,   3877,   7.8,  20.7,   8.2, 0
 2600, 5.0,  0.0, 0.0, J,  75k, 10.0, 3.0,   1936,  15.4,  40.3,  16.2, 0
 2600, 5.0,  0.0, 0.0, H,  75k,  1.0, 3.0,   6274,   4.5,   9.0,   4.6, 0
 2600, 5.0,  0.0, 0.0, H,  75k,  5.0, 3.0,   3939,   7.2,  14.7,   7.4, 0
 2600, 5.0,  0.0, 0.0, H,  75k, 10.0, 3.0,   2197,  12.9,  27.0,  13.3, 0
 2600, 5.0,  0.0, 0.0, K,  75k,  1.0, 3.0,   8243,   3.5,  10.5,   3.8, 0
 2600, 5.0,  0.0, 0.0, K,  75k,  5.0, 3.0,   4987,   5.9,  18.1,   6.3, 0
 2600, 5.0,  0.0, 0.0, K,  75k, 10.0, 3.0,   2690,  11.2,  34.8,  12.0, 0
 2600, 5.0,  0.0, 0.0, Z, 100k,  1.0, 3.0,  26039,   1.2,   2.6,   1.2, 0
 2600, 5.0,  0.0, 0.0, Z, 100k,  5.0, 3.0,  11183,   2.7,   5.9,   2.8, 0
 2600, 5.0,  0.0, 0.0, Z, 100k, 10.0, 3.0,   5101,   5.9,  12.0,   6.2, 0
 2600, 5.0,  0.0, 0.0, Y, 100k,  1.0, 3.0,  18305,   1.8,   2.5,   1.8, 0
 2600, 5.0,  0.0, 0.0, Y, 100k,  5.0, 3.0,   7574,   4.4,   5.9,   4.4, 0
 2600, 5.0,  0.0, 0.0, Y, 100k, 10.0, 3.0,   3792,   8.7,  11.1,   8.9, 0
 2600, 5.0,  0.0, 0.0, J, 100k,  1.0, 3.0,  10134,   2.6,   6.6,   2.7, 0
 2600, 5.0,  0.0, 0.0, J, 100k,  5.0, 3.0,   4239,   6.2,  16.3,   6.5, 0
 2600, 5.0,  0.0, 0.0, J, 100k, 10.0, 3.0,   2004,  12.8,  33.5,  13.5, 0
 2600, 5.0,  0.0, 0.0, H, 100k,  1.0, 3.0,   7591,   3.2,   6.3,   3.3, 0
 2600, 5.0,  0.0, 0.0, H, 100k,  5.0, 3.0,   4219,   5.8,  11.8,   6.0, 0
 2600, 5.0,  0.0, 0.0, H, 100k, 10.0, 3.0,   2257,  10.8,  22.7,  11.2, 0
 2600, 5.0,  0.0, 0.0, K, 100k,  1.0, 3.0,  10135,   2.5,   7.2,   2.7, 0
 2600, 5.0,  0.0, 0.0, K, 100k,  5.0, 3.0,   5363,   4.7,  14.4,   5.0, 0
 2600, 5.0,  0.0, 0.0, K, 100k, 10.0, 3.0,   2764,   9.4,  29.1,  10.1, 0
 2500, 5.0,  0.0, 0.0, Z,  75k,  1.0, 3.0,  19321,   1.7,   4.1,   1.8, 0
 2500, 5.0,  0.0, 0.0, Z,  75k,  5.0, 3.0,  10363,   3.2,   7.5,   3.4, 0
 2500, 5.0,  0.0, 0.0, Z,  75k, 10.0, 3.0,   5104,   6.5,  14.0,   6.8, 0
 2500, 5.0,  0.0, 0.0, Y,  75k,  1.0, 3.0,  14928,   2.5,   3.6,   2.6, 0
 2500, 5.0,  0.0, 0.0, Y,  75k,  5.0, 3.0,   7491,   5.0,   7.0,   5.1, 0
 2500, 5.0,  0.0, 0.0, Y,  75k, 10.0, 3.0,   3841,   9.8,  12.8,  10.0, 0
 2500, 5.0,  0.0, 0.0, J,  75k,  1.0, 3.0,   8470,   3.6,   9.2,   3.8, 0
 2500, 5.0,  0.0, 0.0, J,  75k,  5.0, 3.0,   4351,   6.9,  18.5,   7.3, 0
 2500, 5.0,  0.0, 0.0, J,  75k, 10.0, 3.0,   2151,  13.7,  37.0,  14.5, 0
 2500, 5.0,  0.0, 0.0, H,  75k,  1.0, 3.0,   6840,   4.1,   8.1,   4.2, 0
 2500, 5.0,  0.0, 0.0, H,  75k,  5.0, 3.0,   4321,   6.5,  13.4,   6.7, 0
 2500, 5.0,  0.0, 0.0, H,  75k, 10.0, 3.0,   2448,  11.5,  24.3,  12.0, 0
 2500, 5.0,  0.0, 0.0, K,  75k,  1.0, 3.0,   9334,   3.1,   9.1,   3.3, 0
 2500, 5.0,  0.0, 0.0, K,  75k,  5.0, 3.0,   5637,   5.2,  15.8,   5.5, 0
 2500, 5.0,  0.0, 0.0, K,  75k, 10.0, 3.0,   3063,   9.8,  30.9,  10.5, 0
 2500, 5.0,  0.0, 0.0, Z, 100k,  1.0, 3.0,  25474,   1.2,   2.8,   1.2, 0
 2500, 5.0,  0.0, 0.0, Z, 100k,  5.0, 3.0,  11298,   2.6,   6.0,   2.7, 0
 2500, 5.0,  0.0, 0.0, Z, 100k, 10.0, 3.0,   5288,   5.5,  11.8,   5.7, 0
 2500, 5.0,  0.0, 0.0, Y, 100k,  1.0, 3.0,  20416,   1.6,   2.3,   1.6, 0
 2500, 5.0,  0.0, 0.0, Y, 100k,  5.0, 3.0,   8197,   4.0,   5.5,   4.0, 0
 2500, 5.0,  0.0, 0.0, Y, 100k, 10.0, 3.0,   3960,   8.3,  10.8,   8.4, 0
 2500, 5.0,  0.0, 0.0, J, 100k,  1.0, 3.0,  11467,   2.3,   5.8,   2.4, 0
 2500, 5.0,  0.0, 0.0, J, 100k,  5.0, 3.0,   4762,   5.5,  14.5,   5.8, 0
 2500, 5.0,  0.0, 0.0, J, 100k, 10.0, 3.0,   2228,  11.4,  30.7,  12.1, 0
 2500, 5.0,  0.0, 0.0, H, 100k,  1.0, 3.0,   8282,   2.9,   5.6,   3.0, 0
 2500, 5.0,  0.0, 0.0, H, 100k,  5.0, 3.0,   4621,   5.3,  10.7,   5.5, 0
 2500, 5.0,  0.0, 0.0, H, 100k, 10.0, 3.0,   2513,   9.7,  20.4,  10.1, 0
 2500, 5.0,  0.0, 0.0, K, 100k,  1.0, 3.0,  11518,   2.2,   6.2,   2.3, 0
 2500, 5.0,  0.0, 0.0, K, 100k,  5.0, 3.0,   6061,   4.2,  12.6,   4.4, 0
 2500, 5.0,  0.0, 0.0, K, 100k, 10.0, 3.0,   3146,   8.3,  25.8,   8.8, 0
